source_user_id,source_username,source_instance,target_account_id,toot_id,reply_to_toot_id,created_at,edge_type,snapshot
109258655712007480,TCatInReality,mastodon.social,108196081869220237,116356865436348423,1.1635682774221763e+17,2026-04-06T08:41:05.669Z,reply,Snapshot 3 — Current State (2024–2026)
109501328959402910,sloanlance,mastodon.social,109208442152198181,113917715690539148,1.1391593920181669e+17,2025-01-30T14:13:14.206Z,reply,Snapshot 3 — Current State (2024–2026)
113794989945872182,usuckandyouknowit,mastodon.social,109726435281568864,113804686010440844,1.1380404547769955e+17,2025-01-10T15:08:18.160Z,reply,Snapshot 3 — Current State (2024–2026)
113358600136409118,j_j,muenchen.social,111708611203523729,113759767751017430,1.137586550310858e+17,2025-01-02T16:44:59.000Z,reply,Snapshot 3 — Current State (2024–2026)
110801326762398785,TheManyVoices,mastodon.social,330144,113519268198798374,1.1351801647855658e+17,2024-11-21T05:22:47.990Z,reply,Snapshot 3 — Current State (2024–2026)
109809617328670988,AnneTheWriter1,universeodon.com,109446486061613979,113504724827608195,1.1350421959148997e+17,2024-11-18T15:44:12.000Z,reply,Snapshot 3 — Current State (2024–2026)
109301897950152295,bornach,masto.ai,1135273,113482166627271796,1.1348211975389205e+17,2024-11-14T16:07:21.000Z,reply,Snapshot 3 — Current State (2024–2026)
109809617328670988,AnneTheWriter1,universeodon.com,110707184390925091,113479755597789779,1.134795150630309e+17,2024-11-14T05:54:11.000Z,reply,Snapshot 3 — Current State (2024–2026)
109726435281568864,mho,social.heise.de,112421479443760288,113446561117734390,1.1344653680877013e+17,2024-11-08T09:12:17.000Z,reply,Snapshot 3 — Current State (2024–2026)
109301897950152295,bornach,masto.ai,471607,113032797093080676,1.1303269203912235e+17,2024-08-27T07:26:47.000Z,reply,Snapshot 3 — Current State (2024–2026)
109298426354779236,sshann,mas.to,112402546841117244,112963741993252661,1.1296372152163712e+17,2024-08-15T02:45:09.000Z,reply,Snapshot 3 — Current State (2024–2026)
107254990211554027,jupiter_rowland,hub.netzgemeinde.eu,111858032789515321,112926948759713318,1.129213201930919e+17,2024-08-08T14:48:09.000Z,reply,Snapshot 3 — Current State (2024–2026)
111709275011378203,Heinzenstein,f-ckendehoelle.de,109432495891353244,112853234416457971,1.128515187218658e+17,2024-07-26T14:21:37.000Z,reply,Snapshot 3 — Current State (2024–2026)
109346575901795276,DopeGhoti,infosec.exchange,598569,112141853332820412,1.121409337775364e+17,2024-03-22T23:08:04.000Z,reply,Snapshot 3 — Current State (2024–2026)
109580966307231917,GCHRD,newsie.social,110023568395961834,113931904749194730,1.1392647512394338e+17,2025-02-02T02:21:40.000Z,reply,Snapshot 3 — Current State (2024–2026)
674847,colincogle,mastodon.social,109393927490610657,110769107760161315,1.1076816347248294e+17,2023-07-24T12:40:49.960Z,reply,Snapshot 2 — Post Settling (2023)
109393927490610657,Ove,uddannelse.social,108243749219121697,110673042054185294,1.1067222914047962e+17,2023-07-07T13:30:02.000Z,reply,Snapshot 2 — Post Settling (2023)
109368058611063921,bronakins,sfba.social,109256655744212204,110092946846859977,,2023-03-27T02:44:12.000Z,reply,Snapshot 2 — Post Settling (2023)
109553756369819484,lelanicarver,universeodon.com,109393453949258512,109647889900050838,1.0964706685578555e+17,2023-01-07T12:20:22.000Z,reply,Snapshot 2 — Post Settling (2023)
109297352604251910,nbwpuk,infosec.exchange,109369595761332032,109605724362762282,1.0960124962364864e+17,2022-12-31T01:37:06.000Z,reply,Snapshot 1 — Peak Exodus (Oct–Dec 2022)
1088623,torstengrieger,gruene.social,1084403,109547651108534381,1.0954759693900397e+17,2022-12-20T19:24:33.000Z,reply,Snapshot 1 — Peak Exodus (Oct–Dec 2022)
109513262095135617,iberk,muenster.im,108147340261428201,109534887211096856,1.0953404784077966e+17,2022-12-18T13:21:41.000Z,reply,Snapshot 1 — Peak Exodus (Oct–Dec 2022)
108419778847018858,christophbegall,toot.kif.rocks,449871,109488192225732177,1.0948019056056274e+17,2022-12-10T07:27:07.000Z,reply,Snapshot 1 — Peak Exodus (Oct–Dec 2022)
109440589924852484,jbm,ohai.social,109287395830443240,109446468699359290,1.094463640368647e+17,2022-12-02T22:36:16.000Z,reply,Snapshot 1 — Peak Exodus (Oct–Dec 2022)
109291436320115165,BenAveling,infosec.exchange,109291868108640553,109401131621114346,1.092935212063361e+17,2022-11-24T22:26:27.000Z,reply,Snapshot 1 — Peak Exodus (Oct–Dec 2022)
109286116724609859,robdolin,indieweb.social,109302669704066119,109384067851024182,1.0938357292140933e+17,2022-11-21T21:52:13.000Z,reply,Snapshot 1 — Peak Exodus (Oct–Dec 2022)
109367092564330752,agb253,mstdn.party,109348251488875193,109367093138980690,1.0935127743587517e+17,2022-11-18T21:59:03.000Z,reply,Snapshot 1 — Peak Exodus (Oct–Dec 2022)
109300047430772453,jshashek,mastodon.online,1,109300053089589220,1.0929372291494834e+17,2022-11-07T01:41:29.000Z,reply,Snapshot 1 — Peak Exodus (Oct–Dec 2022)
109253648281573361,Jo2sn,mastodon.social,109244962271115200,109291576248108480,1.092911422047494e+17,2022-11-05T14:05:08.279Z,reply,Snapshot 1 — Peak Exodus (Oct–Dec 2022)
109274903346815759,IanDBurrell,mastodon.sdf.org,958614,109275111742835169,1.0927311946108693e+17,2022-11-02T16:05:05.000Z,reply,Snapshot 1 — Peak Exodus (Oct–Dec 2022)
108194011440009307,AstridSawatzky,mastodon.social,108284826084909294,109256516227629054,1.0925398116905187e+17,2022-10-30T09:28:54.881Z,reply,Snapshot 1 — Peak Exodus (Oct–Dec 2022)
106216830089917499,waifu,waifuism.life,106729323989933721,109246291145006356,1.0924627420774515e+17,2022-10-28T14:00:43.067Z,reply,Snapshot 1 — Peak Exodus (Oct–Dec 2022)
111599935990028525,thefierceindependent,mas.to,109355700962815786,111627222617283519,1.116252210542404e+17,2023-12-23T01:50:28.000Z,reply,Snapshot 2 — Post Settling (2023)
109304844535651088,intermobility,toot.community,109240704376674552,111184366062416852,1.1117607203446986e+17,2023-10-05T20:46:28.000Z,reply,Snapshot 2 — Post Settling (2023)
109288349346919196,CJP,mastodon.me.uk,109320668066446174,111034664930545393,1.1103339562441946e+17,2023-09-09T10:15:29.000Z,reply,Snapshot 2 — Post Settling (2023)
110770552665987336,DavidW,poweredbygay.social,110538782775734183,110787827291500792,1.1078145159750653e+17,2023-07-27T20:01:27.000Z,reply,Snapshot 2 — Post Settling (2023)
109331157923154730,Jon6705,mastodon.world,109327150548982522,110768728006822136,1.1076842369235979e+17,2023-07-24T11:04:15.000Z,reply,Snapshot 2 — Post Settling (2023)
99919,gorn_ja,mstdn.jp,406599,110660117365210980,1.1066008273508603e+17,2023-07-05T06:43:08.000Z,reply,Snapshot 2 — Post Settling (2023)
106931245556829621,GuyInBlack,mastodon.social,471607,110645924002135639,1.1064579350534733e+17,2023-07-02T18:33:35.028Z,reply,Snapshot 2 — Post Settling (2023)
109496425217938281,ImADifferentBird,mastodon.social,109146769285853896,110640553434608123,1.1064052015133398e+17,2023-07-01T19:47:47.170Z,reply,Snapshot 2 — Post Settling (2023)
109371451348234228,etis,masto.ai,109318612129288588,110640231076903649,1.1064020593421582e+17,2023-07-01T18:24:54.000Z,reply,Snapshot 2 — Post Settling (2023)
109306465462352143,djsaunders03,fosstodon.org,109344689785938532,109892749663723392,,2023-02-19T18:11:25.000Z,reply,Snapshot 2 — Post Settling (2023)
108228417839083569,iamwahl,mastodon.social,109297289708350493,109411734640259480,1.0941144986826011e+17,2022-11-26T19:22:59.845Z,reply,Snapshot 1 — Peak Exodus (Oct–Dec 2022)
115802368430157449,noodlemaz,mstdn.games,109375997767724171,115866425849211960,1.1586640910215787e+17,2026-01-09T17:55:49.000Z,reply,Snapshot 3 — Current State (2024–2026)
293726,poujolrost,mstdn.jp,110773962982960634,114155999226661812,1.1415431521553806e+17,2025-03-13T16:11:51.000Z,reply,Snapshot 3 — Current State (2024–2026)
108250592901197344,Jinji,donphan.social,111698193706945333,114123848482004127,1.1412313908440056e+17,2025-03-07T23:55:30.000Z,reply,Snapshot 3 — Current State (2024–2026)
113715141355440666,marcohoffmann,mastodon.social,109257374601163508,113724071242038376,1.1372385326702365e+17,2024-12-27T09:26:54.414Z,reply,Snapshot 3 — Current State (2024–2026)
109257374601163508,sebiturbo,muenchen.social,113715141355440666,113723853267023652,1.137186315406638e+17,2024-12-27T08:31:28.000Z,reply,Snapshot 3 — Current State (2024–2026)
108222893204851107,drawnonglass,wandering.shop,113447470257745607,113495950016872979,1.134957052981314e+17,2024-11-17T01:32:48.000Z,reply,Snapshot 3 — Current State (2024–2026)
109327300650965247,CGM,mastodon.scot,110266162634306901,113476307968670150,1.1347606463041163e+17,2024-11-13T15:17:18.000Z,reply,Snapshot 3 — Current State (2024–2026)
109251011265479084,radlschorsch,muenchen.social,107343019328706263,111303134286695597,1.1129958483731094e+17,2023-10-26T20:10:44.000Z,reply,Snapshot 2 — Post Settling (2023)
110858718037197726,GeriatricGardener,mastodon.social,109278204949699170,110882222935110110,1.108787764084748e+17,2023-08-13T12:07:30.550Z,reply,Snapshot 2 — Post Settling (2023)
109322620844468831,Graygoose,mstdn.social,1275535,110753696099776731,1.10753614552528e+17,2023-07-21T19:21:24.000Z,reply,Snapshot 2 — Post Settling (2023)
109831502804985182,3ChordRock,mastodon.social,109301022451147367,110655155452255320,1.1065508448680875e+17,2023-07-04T09:41:15.758Z,reply,Snapshot 2 — Post Settling (2023)
110640862723544040,SirViolentDeath,gamepad.club,109374534104279986,110647380389995066,1.1064295265216368e+17,2023-07-03T00:43:52.000Z,reply,Snapshot 2 — Post Settling (2023)
110640538113728279,mog7546,moth.social,109365953730768772,110646716106644552,1.1034554018119053e+17,2023-07-02T21:55:00.000Z,reply,Snapshot 2 — Post Settling (2023)
110640538113728279,mog7546,moth.social,109363999029220986,110646702180009900,1.1064663705722893e+17,2023-07-02T21:51:28.000Z,reply,Snapshot 2 — Post Settling (2023)
110640538113728279,mog7546,moth.social,108201257337764041,110646665579714568,1.106466014379645e+17,2023-07-02T21:42:10.000Z,reply,Snapshot 2 — Post Settling (2023)
109258891747079648,dfroidmont,mastodon.green,109302805681160931,110646518124802032,1.106441377290408e+17,2023-07-02T21:04:40.000Z,reply,Snapshot 2 — Post Settling (2023)
109831502804985182,3ChordRock,mastodon.social,110640965992958674,110645189015638654,1.1064511718646122e+17,2023-07-02T15:26:40.327Z,reply,Snapshot 2 — Post Settling (2023)
110640965992958674,Boudica_Buddug,mastodon.social,109831502804985182,110645117186461213,1.1064177353961333e+17,2023-07-02T15:08:23.982Z,reply,Snapshot 2 — Post Settling (2023)
110645059354288353,cadiciragi,mastodon.world,110563037427783244,110645086545524616,,2023-07-02T15:00:29.000Z,reply,Snapshot 2 — Post Settling (2023)
1344753,samsethi,podcastindex.social,109828086887938325,113460999061421805,,2024-11-10T22:24:10.000Z,reply,Snapshot 3 — Current State (2024–2026)
112301730502293252,JenJen27,mastodon.social,110640783122993007,113384287965069159,1.1338113936478509e+17,2024-10-28T09:15:33.067Z,reply,Snapshot 3 — Current State (2024–2026)
109571129740187669,scholar_farmer,zirk.us,112303447109614286,113325422543262038,,2024-10-17T23:45:17.000Z,reply,Snapshot 3 — Current State (2024–2026)
474757,march,mstdn.io,455826,112597876220269658,1.1259759698120349e+17,2024-06-11T12:00:38.000Z,reply,Snapshot 3 — Current State (2024–2026)
109377390604424597,holly_berry,hachyderm.io,108554444486245752,112145242388414146,1.121452262282369e+17,2024-03-23T13:29:54.000Z,reply,Snapshot 3 — Current State (2024–2026)
99919,gorn_ja,mstdn.jp,110273759047707717,111956589880838961,1.1195652236862403e+17,2024-02-19T05:53:08.000Z,reply,Snapshot 3 — Current State (2024–2026)
244782,carlbrown,mastodon.social,108193385994125194,111439123060278430,1.1064638211568102e+17,2023-11-19T20:34:32.095Z,reply,Snapshot 2 — Post Settling (2023)
109349309657524697,duncan_blues,norden.social,108193032039339512,111261159598169271,1.1126114503073706e+17,2023-10-19T10:16:04.000Z,reply,Snapshot 2 — Post Settling (2023)
109440322412097848,Sektorenkoppler,norden.social,111119433302528584,111218302628462073,1.1121760584860962e+17,2023-10-11T20:36:59.000Z,reply,Snapshot 2 — Post Settling (2023)
109349309657524697,duncan_blues,norden.social,109721390932598723,111206215574435593,1.1120615406534931e+17,2023-10-09T17:23:05.000Z,reply,Snapshot 2 — Post Settling (2023)
109332090088389453,otterX,mindly.social,109350720031971180,111161105660097677,1.1116105445641027e+17,2023-10-01T18:10:59.000Z,reply,Snapshot 2 — Post Settling (2023)
109349309657524697,duncan_blues,norden.social,110784875503791210,111011410911847409,1.1101118687961618e+17,2023-09-05T07:41:41.000Z,reply,Snapshot 2 — Post Settling (2023)
111453874445067018,ilust606,mastodon.social,110266162634306901,114146373277756823,1.1414581337135235e+17,2025-03-11T23:23:52.099Z,reply,Snapshot 3 — Current State (2024–2026)
113328669165063614,nickrauchen,c.im,111763278410479908,113839791877353443,1.1383475911747373e+17,2025-01-16T19:56:10.000Z,reply,Snapshot 3 — Current State (2024–2026)
34099,claushoumann,mastodon.social,108198474884567961,113823533888885690,1.1382281728435453e+17,2025-01-13T23:01:33.962Z,reply,Snapshot 3 — Current State (2024–2026)
111453874445067018,ilust606,mastodon.social,108197900630052143,113549581834868573,1.1354915476310637e+17,2024-11-26T13:51:57.355Z,reply,Snapshot 3 — Current State (2024–2026)
998459,matt,oslo.town,113482343902379523,113483104901274014,1.134830865841584e+17,2024-11-14T20:05:59.000Z,reply,Snapshot 3 — Current State (2024–2026)
109293267448711440,infosec_jcp,infosec.exchange,109377819356880446,113467937253517554,1.1346778005890813e+17,2024-11-12T03:48:38.000Z,reply,Snapshot 3 — Current State (2024–2026)
109280417601172088,skidsravine,mastodon.online,13327,113001579225097991,1.1300153341059496e+17,2024-08-21T19:07:40.000Z,reply,Snapshot 3 — Current State (2024–2026)
111453874445067018,ilust606,mastodon.social,110266162634306901,112957929904374530,1.1295697721728154e+17,2024-08-14T02:07:05.356Z,reply,Snapshot 3 — Current State (2024–2026)
111453874445067018,ilust606,mastodon.social,110523442638962723,112908093880323941,,2024-08-05T06:53:07.972Z,reply,Snapshot 3 — Current State (2024–2026)
108249002099478355,thoralf,soc.umrath.net,109631482021914792,112839863709859405,1.1283984709349138e+17,2024-07-24T05:41:17.000Z,reply,Snapshot 3 — Current State (2024–2026)
111453874445067018,ilust606,mastodon.social,109355700962815786,112836735047633334,1.1283664281734293e+17,2024-07-23T16:25:38.624Z,reply,Snapshot 3 — Current State (2024–2026)
110430235987933306,richardrathe,universeodon.com,108194890308088987,112663046400264552,1.0938905928719827e+17,2024-06-23T00:14:19.000Z,reply,Snapshot 3 — Current State (2024–2026)
111453874445067018,ilust606,mastodon.social,109355700962815786,112278116608610702,1.1227732028039509e+17,2024-04-16T00:41:37.672Z,reply,Snapshot 3 — Current State (2024–2026)
111453874445067018,ilust606,mastodon.social,109340078770556100,111926232473044554,1.119246012069471e+17,2024-02-13T21:12:52.069Z,reply,Snapshot 3 — Current State (2024–2026)
111307245420667107,FediVariety,mastodon.social,109702660873984151,111410021089310376,1.1140999041751571e+17,2023-11-14T17:13:31.255Z,reply,Snapshot 2 — Post Settling (2023)
109321887363928976,OlDude82,mstdn.party,109390165997744795,111151723525183460,1.1114953511921128e+17,2023-09-30T02:24:58.000Z,reply,Snapshot 2 — Post Settling (2023)
110949215988282212,Pabamiti,troet.cafe,109721390932598723,111092020344326510,1.1109007892526186e+17,2023-09-19T13:21:42.000Z,reply,Snapshot 2 — Post Settling (2023)
110949215988282212,Pabamiti,troet.cafe,889707,111092002546151537,1.1109157035951843e+17,2023-09-19T13:17:10.000Z,reply,Snapshot 2 — Post Settling (2023)
109258636566275551,HistoPol,mastodon.social,109292665610187066,110989244048659250,,2023-09-01T09:44:23.151Z,reply,Snapshot 2 — Post Settling (2023)
109258636566275551,HistoPol,mastodon.social,109885935285417015,110861150880623328,,2023-08-09T18:48:36.518Z,reply,Snapshot 2 — Post Settling (2023)
109300257954041507,EricaMcIntyre,aus.social,109871946184073037,110771712485370093,1.1073467442451978e+17,2023-07-24T23:43:12.000Z,reply,Snapshot 2 — Post Settling (2023)
109479736004007031,armact,activism.openworlds.info,193113,110765811320843446,1.1076498339858758e+17,2023-07-23T22:42:28.000Z,reply,Snapshot 2 — Post Settling (2023)
110084111000088620,asjo,illuminant.asjo.org,109278204949699170,110736133692182356,1.1071169717565806e+17,2023-07-18T16:55:04.000Z,reply,Snapshot 2 — Post Settling (2023)
109871946184073037,ecoscore,aus.social,109278204949699170,110734674424519770,1.1071169717565806e+17,2023-07-18T10:43:56.000Z,reply,Snapshot 2 — Post Settling (2023)
109258636566275551,HistoPol,mastodon.social,109326089248813292,113316799747489653,1.1329881284115309e+17,2024-10-16T11:12:24.593Z,reply,Snapshot 3 — Current State (2024–2026)
109258636566275551,HistoPol,mastodon.social,109708916081383284,111886286534852745,,2024-02-06T19:54:05.230Z,reply,Snapshot 3 — Current State (2024–2026)
109258636566275551,HistoPol,mastodon.social,109537504134917132,111869954872272190,1.118699193259e+17,2024-02-03T22:40:43.831Z,reply,Snapshot 3 — Current State (2024–2026)
109419027219175792,leswarden,mastodon.world,109769076265344791,111635863081783232,1.116323847910509e+17,2023-12-24T14:28:06.000Z,reply,Snapshot 2 — Post Settling (2023)
109258636566275551,HistoPol,mastodon.social,111193464481360946,111421703161614085,1.1142168116857029e+17,2023-11-16T18:44:26.416Z,reply,Snapshot 2 — Post Settling (2023)
109721390932598723,heiseonline,social.heise.de,109322072367744112,110674075090089504,1.1067382190424517e+17,2023-07-07T17:52:44.000Z,reply,Snapshot 2 — Post Settling (2023)
109726435281568864,mho,social.heise.de,471607,110640381758995293,1.1064036740730565e+17,2023-07-01T19:03:58.000Z,reply,Snapshot 2 — Post Settling (2023)
44081,bison,mastodon.social,109282561349931784,110640045642764855,1.106399620436401e+17,2023-07-01T17:38:38.332Z,reply,Snapshot 2 — Post Settling (2023)
225258,naught101,mastodon.social,109726435281568864,110512696370202732,1.1051258383144285e+17,2023-06-09T05:52:02.646Z,reply,Snapshot 2 — Post Settling (2023)
109258636566275551,HistoPol,mastodon.social,109744740512126081,110420658702894459,1.10419526894029e+17,2023-05-23T23:45:39.293Z,reply,Snapshot 2 — Post Settling (2023)
109258636566275551,HistoPol,mastodon.social,109865533521250937,110420653264520728,,2023-05-23T23:44:16.309Z,reply,Snapshot 2 — Post Settling (2023)
109258636566275551,HistoPol,mastodon.social,109248526312770186,110284912895853578,1.1028489626423949e+17,2023-04-30T00:23:42.655Z,reply,Snapshot 2 — Post Settling (2023)
109322529605953072,EvilKiru,techhub.social,109289656284922423,110280457869516074,1.1028017505997733e+17,2023-04-29T05:30:43.000Z,reply,Snapshot 2 — Post Settling (2023)
44081,bison,mastodon.social,1,110279484266400385,1.1024382796724216e+17,2023-04-29T01:23:08.349Z,reply,Snapshot 2 — Post Settling (2023)
110217416382707977,eziner,mastodon.social,109726435281568864,110248324712490363,1.1023857166766299e+17,2023-04-23T13:18:51.280Z,reply,Snapshot 2 — Post Settling (2023)
109247437714925535,dokmz,mastodon.social,109773257788538339,110164610836316673,1.101593715851676e+17,2023-04-08T18:29:18.915Z,reply,Snapshot 2 — Post Settling (2023)
109835456111701732,novelx456,indieauthors.social,116086777439667102,116102107608796183,1.1608689727323822e+17,2026-02-20T08:52:48.000Z,reply,Snapshot 3 — Current State (2024–2026)
109367854293024596,Neo2415,techhub.social,110963130799999910,113268620132145959,1.132636412535866e+17,2024-10-07T22:59:41.000Z,reply,Snapshot 3 — Current State (2024–2026)
112512101318662259,athensByNight,transfem.social,110603127131507646,112490377259966020,1.1249036047997357e+17,2024-05-23T12:22:18.304Z,reply,Snapshot 3 — Current State (2024–2026)
109362756966520946,BakerRL75,m.ai6yr.org,109521008077188817,111368761016211827,1.1136874948737267e+17,2023-11-07T10:20:30.000Z,reply,Snapshot 2 — Post Settling (2023)
110750572032750560,Twinkworshiper88,bark.lgbt,110914189685438452,110916077711546711,1.109143028047967e+17,2023-08-19T11:37:12.000Z,reply,Snapshot 2 — Post Settling (2023)
110724451828285445,tobleh,sakurajima.moe,110854128484294329,110854472860572874,1.1085421446248323e+17,2023-08-08T14:30:15.000Z,reply,Snapshot 2 — Post Settling (2023)
110750572032750560,Twinkworshiper88,bark.lgbt,110771369524675846,110773726740687780,1.107712969679299e+17,2023-07-25T08:15:29.000Z,reply,Snapshot 2 — Post Settling (2023)
110724451828285445,tobleh,sakurajima.moe,109276963897542885,110770420595309587,1.1077038827491381e+17,2023-07-24T18:14:41.000Z,reply,Snapshot 2 — Post Settling (2023)
110724451828285445,tobleh,sakurajima.moe,109276963897542885,110770388274913812,1.1077010634889974e+17,2023-07-24T18:06:28.000Z,reply,Snapshot 2 — Post Settling (2023)
110646351932192462,MonstrousJaffa,kinkyelephant.com,109301777160694599,110668931613479014,,2023-07-06T20:04:42.000Z,reply,Snapshot 2 — Post Settling (2023)
110527876241561715,silvercloudfox,libranet.de,109672794902890327,110648331281411754,1.1064138711294434e+17,2023-07-02T15:41:48.000Z,reply,Snapshot 2 — Post Settling (2023)
110119943596787643,EllieK,mstdn.ca,110643918059405938,110646859962993689,1.1064593436769818e+17,2023-07-02T22:31:35.000Z,reply,Snapshot 2 — Post Settling (2023)
108198715252709753,SeanPLynch,mastodon.social,110625696250895508,110640495462550598,,2023-07-01T19:33:02.133Z,reply,Snapshot 2 — Post Settling (2023)
109304863828266555,Edelruth,mastodon.online,109292611493432745,110515293664930263,1.1051349980186349e+17,2023-06-09T16:52:32.000Z,reply,Snapshot 2 — Post Settling (2023)
109258636566275551,HistoPol,mastodon.social,449871,110295108220274748,,2023-05-01T19:36:30.971Z,reply,Snapshot 2 — Post Settling (2023)
109368058611063921,bronakins,sfba.social,109332975508243796,110285711276907135,1.1028563191514774e+17,2023-04-30T03:46:43.000Z,reply,Snapshot 2 — Post Settling (2023)
109368058611063921,bronakins,sfba.social,109640475232392056,110174522882400197,1.1017140318896632e+17,2023-04-10T12:30:03.000Z,reply,Snapshot 2 — Post Settling (2023)
108087275964468439,hybridhavoc,darkfriend.social,109292574717027937,110113823961798142,,2023-03-30T19:13:28.000Z,reply,Snapshot 2 — Post Settling (2023)
109258636566275551,HistoPol,mastodon.social,110057325403221213,110063215959046112,1.1005762873901448e+17,2023-03-21T20:43:15.863Z,reply,Snapshot 2 — Post Settling (2023)
109259078198561746,TCatInReality,mastodon.social,108206356302147373,116356865543073622,1.163568278770283e+17,2026-04-06T08:41:05.000Z,reply,Snapshot 3 — Current State (2024–2026)
109347539858252951,ChemicalEyeGuy,mstdn.science,109593860171213401,114826180053397322,1.1482612548384622e+17,2025-07-10T00:47:38.000Z,reply,Snapshot 3 — Current State (2024–2026)
109347539858252951,ChemicalEyeGuy,mstdn.science,109306627295454401,114631513463639555,1.1463045729064176e+17,2025-06-05T15:41:20.000Z,reply,Snapshot 3 — Current State (2024–2026)
109347539858252951,ChemicalEyeGuy,mstdn.science,113443668257421939,113979580532925383,1.1397733122246066e+17,2025-02-10T12:26:13.000Z,reply,Snapshot 3 — Current State (2024–2026)
110899320475668269,TheManyVoices,mastodon.social,109515782973648365,113519268294565488,1.135180166056363e+17,2024-11-21T05:22:47.000Z,reply,Snapshot 3 — Current State (2024–2026)
109809617293245211,AnneTheWriter1,universeodon.com,109450585208297126,113504724872156153,1.1350421936921549e+17,2024-11-18T15:44:12.000Z,reply,Snapshot 3 — Current State (2024–2026)
109308465890473229,bornach,masto.ai,108440685815645949,113482166826535821,1.1348211987858758e+17,2024-11-14T16:07:21.000Z,reply,Snapshot 3 — Current State (2024–2026)
109809617293245211,AnneTheWriter1,universeodon.com,110707186942653040,113479755618406969,1.1347951527356506e+17,2024-11-14T05:54:11.000Z,reply,Snapshot 3 — Current State (2024–2026)
109347539858252951,ChemicalEyeGuy,mstdn.science,109311318057569586,113475574332767063,1.1347547641604322e+17,2024-11-13T12:10:49.000Z,reply,Snapshot 3 — Current State (2024–2026)
109727261108923964,mho,social.heise.de,113103323353179688,113446560708800476,1.1344653656028253e+17,2024-11-08T09:12:17.000Z,reply,Snapshot 3 — Current State (2024–2026)
109347539858252951,ChemicalEyeGuy,mstdn.science,108194731373338931,113433017721877128,1.134327503913278e+17,2024-11-05T23:48:06.000Z,reply,Snapshot 3 — Current State (2024–2026)
109347539858252951,ChemicalEyeGuy,mstdn.science,109295170091258196,113429974119077428,1.1342801617622629e+17,2024-11-05T10:54:03.000Z,reply,Snapshot 3 — Current State (2024–2026)
109347539858252951,ChemicalEyeGuy,mstdn.science,108223611578198120,113425680614613508,1.1342551568980866e+17,2024-11-04T16:42:09.000Z,reply,Snapshot 3 — Current State (2024–2026)
109347539858252951,ChemicalEyeGuy,mstdn.science,109290177553423719,113420355083365053,1.099844064947894e+17,2024-11-03T18:07:50.000Z,reply,Snapshot 3 — Current State (2024–2026)
109347539858252951,ChemicalEyeGuy,mstdn.science,109322222791368399,113413702584072150,1.1341364906949616e+17,2024-11-02T13:56:01.000Z,reply,Snapshot 3 — Current State (2024–2026)
109347539858252951,ChemicalEyeGuy,mstdn.science,109298427888540757,113357526669567721,1.1335436309888382e+17,2024-10-23T15:49:44.000Z,reply,Snapshot 3 — Current State (2024–2026)
109347539858252951,ChemicalEyeGuy,mstdn.science,109295170091258196,113274695638280671,1.132745352205316e+17,2024-10-09T00:44:43.000Z,reply,Snapshot 3 — Current State (2024–2026)
109347539858252951,ChemicalEyeGuy,mstdn.science,109346051768943602,113269367387615677,1.1326739502161338e+17,2024-10-08T02:09:41.000Z,reply,Snapshot 3 — Current State (2024–2026)
109347539858252951,ChemicalEyeGuy,mstdn.science,109295170091258196,113262266448108263,1.1325840059208954e+17,2024-10-06T20:03:48.000Z,reply,Snapshot 3 — Current State (2024–2026)
109347539858252951,ChemicalEyeGuy,mstdn.science,110272491925611241,113080005765634001,1.1307998465676723e+17,2024-09-04T15:32:05.000Z,reply,Snapshot 3 — Current State (2024–2026)
109347539858252951,ChemicalEyeGuy,mstdn.science,108193077667817242,113061508840387878,1.130614899715628e+17,2024-09-01T09:08:15.000Z,reply,Snapshot 3 — Current State (2024–2026)
109347539858252951,ChemicalEyeGuy,mstdn.science,110696749683359376,113058459991754358,1.1305609804962794e+17,2024-08-31T20:13:09.000Z,reply,Snapshot 3 — Current State (2024–2026)
109308465890473229,bornach,masto.ai,109295256025387828,113032797096263354,1.1303269238474779e+17,2024-08-27T07:26:47.000Z,reply,Snapshot 3 — Current State (2024–2026)
109347539858252951,ChemicalEyeGuy,mstdn.science,109708237432595394,113011527089795877,,2024-08-23T13:17:29.000Z,reply,Snapshot 3 — Current State (2024–2026)
109347539858252951,ChemicalEyeGuy,mstdn.science,109268719176972105,113004967121516195,1.1300368830720886e+17,2024-08-22T09:29:13.000Z,reply,Snapshot 3 — Current State (2024–2026)
109347539858252951,ChemicalEyeGuy,mstdn.science,109292370720611400,112996973355412037,1.1129790573695298e+17,2024-08-20T23:36:19.000Z,reply,Snapshot 3 — Current State (2024–2026)
109347539858252951,ChemicalEyeGuy,mstdn.science,109286276392768056,112994652028947920,1.1299431303936963e+17,2024-08-20T13:45:56.000Z,reply,Snapshot 3 — Current State (2024–2026)
109347539858252951,ChemicalEyeGuy,mstdn.science,111906993806764477,112982791023200945,1.1298067603149573e+17,2024-08-18T11:29:33.000Z,reply,Snapshot 3 — Current State (2024–2026)
109347539858252951,ChemicalEyeGuy,mstdn.science,111172164888257006,112973750807313812,1.1297198380052693e+17,2024-08-16T21:10:30.000Z,reply,Snapshot 3 — Current State (2024–2026)
109347539858252951,ChemicalEyeGuy,mstdn.science,109291762930372942,112968052101145148,1.1296698215826926e+17,2024-08-15T21:00:37.000Z,reply,Snapshot 3 — Current State (2024–2026)
109347539858252951,ChemicalEyeGuy,mstdn.science,112960445709417317,112967266540080584,1.1296624591109922e+17,2024-08-15T17:41:29.000Z,reply,Snapshot 3 — Current State (2024–2026)
109347539858252951,ChemicalEyeGuy,mstdn.science,109295170091258196,112967255361506249,1.1296673831291856e+17,2024-08-15T17:38:38.000Z,reply,Snapshot 3 — Current State (2024–2026)
109303853824128212,sshann,mas.to,112402593826902699,112963741998575032,1.1296372158598354e+17,2024-08-15T02:45:09.000Z,reply,Snapshot 3 — Current State (2024–2026)
109347539858252951,ChemicalEyeGuy,mstdn.science,109305421141990866,112962057184258858,1.129608932792516e+17,2024-08-14T19:36:35.000Z,reply,Snapshot 3 — Current State (2024–2026)
109347539858252951,ChemicalEyeGuy,mstdn.science,109264134082542872,112951059691996259,1.1295029629393704e+17,2024-08-12T20:59:47.000Z,reply,Snapshot 3 — Current State (2024–2026)
109347539858252951,ChemicalEyeGuy,mstdn.science,4998,112949100962315227,1.129295799108159e+17,2024-08-12T12:41:36.000Z,reply,Snapshot 3 — Current State (2024–2026)
109347539858252951,ChemicalEyeGuy,mstdn.science,109383119852227633,112948371566185092,1.1294825842671914e+17,2024-08-12T09:36:14.000Z,reply,Snapshot 3 — Current State (2024–2026)
109347539858252951,ChemicalEyeGuy,mstdn.science,109298794734217309,112943574211963732,,2024-08-11T13:16:12.000Z,reply,Snapshot 3 — Current State (2024–2026)
109347539858252951,ChemicalEyeGuy,mstdn.science,109419237235183174,112464288545599171,1.1246419839087035e+17,2024-05-18T21:47:33.000Z,reply,Snapshot 3 — Current State (2024–2026)
109346581246125194,DopeGhoti,infosec.exchange,111591556693647860,112141853372452738,1.1214093383093296e+17,2024-03-22T23:08:04.000Z,reply,Snapshot 3 — Current State (2024–2026)
109290472977934599,teixi,mastodon.social,111767410342600522,111789907415940818,1.117674780654761e+17,2024-01-20T19:23:34.000Z,reply,Snapshot 3 — Current State (2024–2026)
109308465890473229,bornach,masto.ai,109245719173426466,111265769574296222,1.1126324169609936e+17,2023-10-20T05:48:26.000Z,reply,Snapshot 2 — Post Settling (2023)
109506608507413021,enmodo,mastodon.social,109304278224165576,111232243489276334,1.1122835317609214e+17,2023-10-14T07:42:18.000Z,reply,Snapshot 2 — Post Settling (2023)
109945164741281610,CosmicTraveler,mastodon.social,109300001370825260,111213704849978046,1.1121363300443019e+17,2023-10-11T01:07:41.000Z,reply,Snapshot 2 — Post Settling (2023)
109308471611512781,intermobility,toot.community,109240783791185300,111184366081403061,1.1117607193176363e+17,2023-10-05T20:46:28.000Z,reply,Snapshot 2 — Post Settling (2023)
109347539858252951,ChemicalEyeGuy,mstdn.science,109298427888540757,111130654686519641,1.1112924272616574e+17,2023-09-26T09:06:55.000Z,reply,Snapshot 2 — Post Settling (2023)
109347539858252951,ChemicalEyeGuy,mstdn.science,109365893871423317,111115082078290897,1.1111072602288013e+17,2023-09-23T15:06:36.000Z,reply,Snapshot 2 — Post Settling (2023)
109349583631021751,duncan_blues,norden.social,11809,111113801064225814,1.1111327679407078e+17,2023-09-23T09:40:51.000Z,reply,Snapshot 2 — Post Settling (2023)
109370975994483121,bronakins,sfba.social,109257521325526664,110092946889325649,,2023-03-27T02:44:12.000Z,reply,Snapshot 2 — Post Settling (2023)
109441374214983712,jbm,ohai.social,109287392407352396,109446468509843707,1.0944636382978955e+17,2022-12-02T22:36:16.000Z,reply,Snapshot 1 — Peak Exodus (Oct–Dec 2022)
109293316357852095,CJP,mastodon.me.uk,109320706963624876,111034665017252834,1.1103339584899931e+17,2023-09-09T10:15:29.000Z,reply,Snapshot 2 — Post Settling (2023)
109331157989614402,Jon6705,mastodon.world,109411454620395039,110768728067946741,1.107684237799678e+17,2023-07-24T11:04:15.000Z,reply,Snapshot 2 — Post Settling (2023)
109377643401108803,etis,masto.ai,109320728038563846,110640231175124854,1.1064020604302995e+17,2023-07-01T18:24:54.000Z,reply,Snapshot 2 — Post Settling (2023)
109324112711347979,iamwahl,mastodon.social,109298057196449296,109411734740948995,1.0941144968335643e+17,2022-11-26T19:22:59.000Z,reply,Snapshot 1 — Peak Exodus (Oct–Dec 2022)
109375190912412489,Sgtwilson,mastodon.world,109303738084949257,109376670432512580,1.093208319741299e+17,2022-11-20T11:42:21.000Z,reply,Snapshot 1 — Peak Exodus (Oct–Dec 2022)
109375190912412489,Sgtwilson,mastodon.world,109307663280505590,109376082891974542,1.0937502761730808e+17,2022-11-20T12:16:15.000Z,reply,Snapshot 1 — Peak Exodus (Oct–Dec 2022)
109298887918957192,jonpainterphoto,lawfedi.blue,50157,109362627160140618,1.0936262012621768e+17,2022-11-18T03:14:16.000Z,reply,Snapshot 1 — Peak Exodus (Oct–Dec 2022)
5347,dennis_jernberg,mastodon.xyz,108885476867758347,109362383873290307,1.0936237849862742e+17,2022-11-18T02:12:23.000Z,reply,Snapshot 1 — Peak Exodus (Oct–Dec 2022)
115802393005021705,noodlemaz,mstdn.games,109399783257498743,115866425792299494,1.1586641065817144e+17,2026-01-09T17:55:49.000Z,reply,Snapshot 3 — Current State (2024–2026)
109260064825708607,sebiturbo,muenchen.social,113719697350283127,113723853304922654,1.1371863159140872e+17,2024-12-27T08:31:28.000Z,reply,Snapshot 3 — Current State (2024–2026)
109327301211598518,CGM,mastodon.scot,110272491925611241,113476307452599117,1.1347606515302323e+17,2024-11-13T15:17:18.000Z,reply,Snapshot 3 — Current State (2024–2026)
109421472112240333,mdwray,mindly.social,110055609834989281,113432513440172902,1.134324824823057e+17,2024-11-05T21:39:53.000Z,reply,Snapshot 3 — Current State (2024–2026)
109414478612570093,CrypticMirror,mstdn.social,109382545354763941,113431650249733362,1.1342487788224093e+17,2024-11-05T18:00:23.000Z,reply,Snapshot 3 — Current State (2024–2026)
109408673540732185,WizardBear,mstdn.social,109287779209906635,113314916403873554,1.1331330729410712e+17,2024-10-16T03:13:25.000Z,reply,Snapshot 3 — Current State (2024–2026)
109408673540732185,WizardBear,mstdn.social,109506608507413021,113258833843468610,1.1325879818620109e+17,2024-10-06T05:30:54.000Z,reply,Snapshot 3 — Current State (2024–2026)
109347539858252951,ChemicalEyeGuy,mstdn.science,109252970042588697,113191888746757832,,2024-09-24T09:45:51.000Z,reply,Snapshot 3 — Current State (2024–2026)
109299656770586971,moira,mastodon.murkworks.net,109425171230522625,113155388805770921,,2024-09-17T23:03:28.000Z,reply,Snapshot 3 — Current State (2024–2026)
109524651272798199,Beachbum,mastodon.sdf.org,111257901007895901,112951203637137872,1.1295018013884752e+17,2024-08-12T21:35:35.000Z,reply,Snapshot 3 — Current State (2024–2026)
110864209360144082,GeriatricGardener,mastodon.social,109278109988773061,110882223029132143,1.1087877600164757e+17,2023-08-13T12:07:30.000Z,reply,Snapshot 2 — Post Settling (2023)
109322621413123411,Graygoose,mstdn.social,107021761248761986,110753696746803991,1.1075361417680981e+17,2023-07-21T19:21:24.000Z,reply,Snapshot 2 — Post Settling (2023)
109831666779052816,3ChordRock,mastodon.social,109301335872695495,110655156212016338,1.1065508478205597e+17,2023-07-04T09:41:15.000Z,reply,Snapshot 2 — Post Settling (2023)
109322621413123411,Graygoose,mstdn.social,109457353720225669,110495078137497149,1.1049493459229022e+17,2023-06-06T03:11:24.000Z,reply,Snapshot 2 — Post Settling (2023)
109322621413123411,Graygoose,mstdn.social,109320157253161429,110465726205890870,1.0987685588575536e+17,2023-05-31T22:46:52.000Z,reply,Snapshot 2 — Post Settling (2023)
110235484672507172,morriswayts,writing.exchange,109272562831736415,110427893190937695,1.1042527984473616e+17,2023-05-25T06:25:23.000Z,reply,Snapshot 2 — Post Settling (2023)
109322621413123411,Graygoose,mstdn.social,50157,110313547886554697,1.1031323881176342e+17,2023-05-05T01:45:53.000Z,reply,Snapshot 2 — Post Settling (2023)
109275559088204740,HistoPol,mastodon.social,78791,110051660573472770,1.1005165747885917e+17,2023-03-19T19:44:33.000Z,reply,Snapshot 2 — Post Settling (2023)
109625964483514846,RushGirl,stranger.social,50157,110038723687753657,1.1003569475686331e+17,2023-03-17T12:53:37.000Z,reply,Snapshot 2 — Post Settling (2023)
109322621413123411,Graygoose,mstdn.social,109186286928796301,110033487369598253,1.1003275724788624e+17,2023-03-16T14:42:48.000Z,reply,Snapshot 2 — Post Settling (2023)
109322621413123411,Graygoose,mstdn.social,109336900809783434,109905396709700267,1.0990530191489654e+17,2023-02-21T23:47:43.000Z,reply,Snapshot 2 — Post Settling (2023)
104490,Porpentina2017,mastodon.cloud,109370430294392577,109826329443327695,1.0982620170506432e+17,2023-02-08T00:39:52.000Z,reply,Snapshot 2 — Post Settling (2023)
109772465761919606,Trini_Queen,mstdn.social,59722,109813852118465917,,2023-02-05T19:45:57.000Z,reply,Snapshot 2 — Post Settling (2023)
140156,samsethi,podcastindex.social,109828086255450099,113460999067696936,,2024-11-10T22:24:10.000Z,reply,Snapshot 3 — Current State (2024–2026)
112301835016132144,JenJen27,mastodon.social,110640783814001074,113384288122677573,1.1338113946630589e+17,2024-10-28T09:15:33.000Z,reply,Snapshot 3 — Current State (2024–2026)
109603525875769351,scholar_farmer,zirk.us,112303502551446353,113325422558928073,,2024-10-17T23:45:17.000Z,reply,Snapshot 3 — Current State (2024–2026)
109354732907879423,carlbrown,mastodon.social,108200132877980122,111439123275706676,1.1064638253366246e+17,2023-11-19T20:34:32.000Z,reply,Snapshot 2 — Post Settling (2023)
109349583631021751,duncan_blues,norden.social,108201033206579093,111261159633898159,1.1126114514086952e+17,2023-10-19T10:16:04.000Z,reply,Snapshot 2 — Post Settling (2023)
109349583631021751,duncan_blues,norden.social,109721393138887311,111206215604628382,1.1120615340500534e+17,2023-10-09T17:23:05.000Z,reply,Snapshot 2 — Post Settling (2023)
109335710518936940,otterX,mindly.social,109356061487652741,111161105610261114,1.1116105447987594e+17,2023-10-01T18:10:59.000Z,reply,Snapshot 2 — Post Settling (2023)
109349583631021751,duncan_blues,norden.social,110810953960635992,111011410944910848,1.1101118804257112e+17,2023-09-05T07:41:41.000Z,reply,Snapshot 2 — Post Settling (2023)
110673271298059691,Sistlau,mastodon.social,110643606924619432,110808800768084062,,2023-07-31T12:55:15.000Z,reply,Snapshot 2 — Post Settling (2023)
109810704597021130,shawnmjones,hachyderm.io,68513,110805887211831956,,2023-07-31T00:34:18.000Z,reply,Snapshot 2 — Post Settling (2023)
109810704597021130,shawnmjones,hachyderm.io,109348595540448523,110805117416700371,1.1080481860030163e+17,2023-07-30T21:18:31.000Z,reply,Snapshot 2 — Post Settling (2023)
109810704597021130,shawnmjones,hachyderm.io,108233789662610886,110804767894867612,,2023-07-30T19:49:34.000Z,reply,Snapshot 2 — Post Settling (2023)
109810704597021130,shawnmjones,hachyderm.io,110774785954983082,110804738311636680,1.1080466194684355e+17,2023-07-30T19:42:05.000Z,reply,Snapshot 2 — Post Settling (2023)
109810704597021130,shawnmjones,hachyderm.io,109524879419938912,110804675760172770,1.1080457041235474e+17,2023-07-30T19:26:12.000Z,reply,Snapshot 2 — Post Settling (2023)
109810704597021130,shawnmjones,hachyderm.io,108233789662610886,110804629286532244,1.108046263386713e+17,2023-07-30T19:14:22.000Z,reply,Snapshot 2 — Post Settling (2023)
109810704597021130,shawnmjones,hachyderm.io,108233789662610886,110804626338671295,1.108046241953062e+17,2023-07-30T19:13:38.000Z,reply,Snapshot 2 — Post Settling (2023)
109810704597021130,shawnmjones,hachyderm.io,108233789662610886,110804624195306210,,2023-07-30T19:13:06.000Z,reply,Snapshot 2 — Post Settling (2023)
109810704597021130,shawnmjones,hachyderm.io,109321321463127485,110804478082351314,1.1080437993448181e+17,2023-07-30T18:35:55.000Z,reply,Snapshot 2 — Post Settling (2023)
109329995555007294,jukkan,mstdn.social,110045459460528024,110770566754938825,1.1077037026763467e+17,2023-07-24T18:51:50.000Z,reply,Snapshot 2 — Post Settling (2023)
111459266990206519,ilust606,mastodon.social,110272491925611241,114146373441062616,1.1414581378455582e+17,2025-03-11T23:23:52.000Z,reply,Snapshot 3 — Current State (2024–2026)
111459266990206519,ilust606,mastodon.social,109366531080493790,113549581961716396,1.1354915516631696e+17,2024-11-26T13:51:57.000Z,reply,Snapshot 3 — Current State (2024–2026)
89736,matt,oslo.town,113482678097850532,113483105159290393,1.1348308657513942e+17,2024-11-14T20:05:59.000Z,reply,Snapshot 3 — Current State (2024–2026)
109293281623628721,infosec_jcp,infosec.exchange,109382386190920302,113467937329082699,1.1346778009040294e+17,2024-11-12T03:48:38.000Z,reply,Snapshot 3 — Current State (2024–2026)
111459266990206519,ilust606,mastodon.social,109355702424140951,112278118167745876,1.122773203893644e+17,2024-04-16T00:41:37.000Z,reply,Snapshot 3 — Current State (2024–2026)
109322059125329697,OlDude82,mstdn.party,109390537502894133,111151723546840506,1.1114953517141138e+17,2023-09-30T02:24:58.000Z,reply,Snapshot 2 — Post Settling (2023)
109275559088204740,HistoPol,mastodon.social,109292897516197482,110989244396877737,,2023-09-01T09:44:23.000Z,reply,Snapshot 2 — Post Settling (2023)
109275559088204740,HistoPol,mastodon.social,109885986339208773,110861151088545665,,2023-08-09T18:48:36.000Z,reply,Snapshot 2 — Post Settling (2023)
109300235297275750,EricaMcIntyre,aus.social,109871910421366300,110771712307922380,1.1073467423413056e+17,2023-07-24T23:43:12.199Z,reply,Snapshot 2 — Post Settling (2023)
110334861408589075,asjo,illuminant.asjo.org,109278109988773061,110736133778483118,1.1071169670938552e+17,2023-07-18T16:55:04.000Z,reply,Snapshot 2 — Post Settling (2023)
109871910421366300,ecoscore,aus.social,109278109988773061,110734674234130560,1.1071169670938552e+17,2023-07-18T10:43:56.052Z,reply,Snapshot 2 — Post Settling (2023)
109295393037207980,dannotdaniel,mastodon.social,109292623963981849,110090685180742592,1.1009066031126483e+17,2023-03-26T17:08:50.000Z,reply,Snapshot 2 — Post Settling (2023)
109355729474734372,blamellors,mstdn.party,109355702424140951,109873849102676147,1.0986950464222085e+17,2023-02-16T10:04:43.000Z,reply,Snapshot 2 — Post Settling (2023)
109322806433022781,BadWoof,sfba.social,109311321852261409,109716262333570433,1.0971616385288762e+17,2023-01-19T14:08:20.000Z,reply,Snapshot 2 — Post Settling (2023)
109540056261982502,robchapman,ohai.social,109336778603375987,109576978077755990,1.0957640413042294e+17,2022-12-25T23:46:34.000Z,reply,Snapshot 1 — Peak Exodus (Oct–Dec 2022)
109322585786358162,vaweisman,masto.ai,109471442445445619,109529182868184938,1.0952912641843514e+17,2022-12-17T13:11:36.000Z,reply,Snapshot 1 — Peak Exodus (Oct–Dec 2022)
109464036285815166,leftfieldfarm,kolektiva.social,109299195076311437,109526897297001991,1.0952670431344171e+17,2022-12-17T03:30:17.000Z,reply,Snapshot 1 — Peak Exodus (Oct–Dec 2022)
109363333536258272,TransitBiker,urbanists.social,109469875269717518,109501900113937070,1.095018170240058e+17,2022-12-12T17:33:14.000Z,reply,Snapshot 1 — Peak Exodus (Oct–Dec 2022)
109343502477133040,KFClinton,mas.to,109297237267410950,109500972041799915,1.0950094455726605e+17,2022-12-12T13:37:13.000Z,reply,Snapshot 1 — Peak Exodus (Oct–Dec 2022)
109370402675002441,MeidasBodhi,mastodon.world,109333658463649882,109495308984597567,1.0949118964110258e+17,2022-12-11T13:37:01.000Z,reply,Snapshot 1 — Peak Exodus (Oct–Dec 2022)
109370402675002441,MeidasBodhi,mastodon.world,108203599132414121,109495298141591891,1.0949525144317227e+17,2022-12-11T13:34:16.000Z,reply,Snapshot 1 — Peak Exodus (Oct–Dec 2022)
109376953441515507,Tweetfiction,mastodon.world,109336934113006535,109455968353317981,1.0937382234984731e+17,2022-12-04T14:52:12.000Z,reply,Snapshot 1 — Peak Exodus (Oct–Dec 2022)
109298459026900732,AJ_Joy,writing.exchange,11356,109421729175958836,1.0942160840644862e+17,2022-11-28T13:44:43.000Z,reply,Snapshot 1 — Peak Exodus (Oct–Dec 2022)
109302592182866715,GoingBrogue,mastodon.world,109376953441515507,109391213624121232,1.0939120086644856e+17,2022-11-23T04:24:13.000Z,reply,Snapshot 1 — Peak Exodus (Oct–Dec 2022)
109375748549890188,erdfisch,mastodontech.de,108556359016217261,109375749307003577,1.0937540138007614e+17,2022-11-20T10:51:11.000Z,reply,Snapshot 1 — Peak Exodus (Oct–Dec 2022)
109288959529058733,mayread3,nerdculture.de,109373589023291570,109373773349662491,,2022-11-20T02:28:54.000Z,reply,Snapshot 1 — Peak Exodus (Oct–Dec 2022)
109288959529058733,mayread3,nerdculture.de,109331406214014667,109373523038910030,1.0937348524830338e+17,2022-11-20T01:25:11.000Z,reply,Snapshot 1 — Peak Exodus (Oct–Dec 2022)
109288959529058733,mayread3,nerdculture.de,109277214927190783,109373505960380340,,2022-11-20T01:20:54.000Z,reply,Snapshot 1 — Peak Exodus (Oct–Dec 2022)
109260763106228120,bcantrill,mastodon.social,109372199292090658,109372291489026452,1.093721996835188e+17,2022-11-19T20:12:02.000Z,reply,Snapshot 1 — Peak Exodus (Oct–Dec 2022)
109304158846919100,mguhlin,hcommons.social,108195826578379928,109322297766341547,1.0932225670884826e+17,2022-11-11T00:17:59.000Z,reply,Snapshot 1 — Peak Exodus (Oct–Dec 2022)
109275559088204740,HistoPol,mastodon.social,109368147117637164,113316799860804599,1.1329881287745358e+17,2024-10-16T11:12:24.000Z,reply,Snapshot 3 — Current State (2024–2026)
109275559088204740,HistoPol,mastodon.social,109708916090505293,111886286718067268,,2024-02-06T19:54:05.000Z,reply,Snapshot 3 — Current State (2024–2026)
109275559088204740,HistoPol,mastodon.social,109537505798198533,111869954931194013,1.1186991933628678e+17,2024-02-03T22:40:43.000Z,reply,Snapshot 3 — Current State (2024–2026)
109457251166566314,leswarden,mastodon.world,109769161020337535,111635863129768635,1.1163238484286997e+17,2023-12-24T14:28:06.000Z,reply,Snapshot 2 — Post Settling (2023)
109275559088204740,HistoPol,mastodon.social,111193623812686687,111421703587221583,1.1142168146995538e+17,2023-11-16T18:44:26.000Z,reply,Snapshot 2 — Post Settling (2023)
109721393138887311,heiseonline,social.heise.de,109322072869309032,110674075672311966,1.1067382215633018e+17,2023-07-07T17:52:44.000Z,reply,Snapshot 2 — Post Settling (2023)
109727261108923964,mho,social.heise.de,109295256025387828,110640381465316604,1.106403682092107e+17,2023-07-01T19:03:58.000Z,reply,Snapshot 2 — Post Settling (2023)
109270144774499739,bison,mastodon.social,109288049208125766,110640045771849276,1.106399622369465e+17,2023-07-01T17:38:38.000Z,reply,Snapshot 2 — Post Settling (2023)
111882,naught101,mastodon.social,109727261108923964,110512696573081046,1.1051258419441536e+17,2023-06-09T05:52:02.000Z,reply,Snapshot 2 — Post Settling (2023)
109275559088204740,HistoPol,mastodon.social,109892398031956131,110420658801323674,1.1041952697678949e+17,2023-05-23T23:45:39.000Z,reply,Snapshot 2 — Post Settling (2023)
109275559088204740,HistoPol,mastodon.social,109865604636773743,110420653338062712,,2023-05-23T23:44:16.000Z,reply,Snapshot 2 — Post Settling (2023)
109275559088204740,HistoPol,mastodon.social,109262395673850914,110284912953634179,1.1028489637479952e+17,2023-04-30T00:23:42.000Z,reply,Snapshot 2 — Post Settling (2023)
109270144774499739,bison,mastodon.social,8,110279484611471176,1.1024382818525659e+17,2023-04-29T01:23:08.000Z,reply,Snapshot 2 — Post Settling (2023)
107617582229664138,jupiter_rowland,hub.netzgemeinde.eu,109383945453995316,110033603242981736,,2023-03-16T15:12:21.000Z,reply,Snapshot 2 — Post Settling (2023)
109275559088204740,HistoPol,mastodon.social,109631113946287570,110011814666873525,,2023-03-12T18:51:13.000Z,reply,Snapshot 2 — Post Settling (2023)
109275559088204740,HistoPol,mastodon.social,109631113946287570,110011767024963678,1.1001176627503362e+17,2023-03-12T18:39:05.000Z,reply,Snapshot 2 — Post Settling (2023)
109275559088204740,HistoPol,mastodon.social,109310956859319280,109966788700388898,1.0996674357154187e+17,2023-03-04T20:00:29.000Z,reply,Snapshot 2 — Post Settling (2023)
109275559088204740,HistoPol,mastodon.social,109294151597717662,109893956881417033,1.0970174595972254e+17,2023-02-19T23:18:25.000Z,reply,Snapshot 2 — Post Settling (2023)
107617582229664138,jupiter_rowland,hub.netzgemeinde.eu,109775868668000611,109823759352355946,1.0982043218127493e+17,2023-02-07T13:46:18.000Z,reply,Snapshot 2 — Post Settling (2023)
109275559088204740,HistoPol,mastodon.social,109244104634473839,109673029585627913,1.09672971946314e+17,2023-01-11T22:53:43.000Z,reply,Snapshot 2 — Post Settling (2023)
109275559088204740,HistoPol,mastodon.social,77458,109653647292277539,1.0965363738851635e+17,2023-01-08T12:44:31.000Z,reply,Snapshot 2 — Post Settling (2023)
109366911548864723,woof,fedi.aria.dog,112947029037921978,113326304457101381,1.1332626439618878e+17,2024-10-18T03:29:32.709Z,reply,Snapshot 3 — Current State (2024–2026)
109371092170116175,Neo2415,techhub.social,110970740462990388,113268620162002145,1.1326364126257091e+17,2024-10-07T22:59:41.000Z,reply,Snapshot 3 — Current State (2024–2026)
110724497965216321,tobleh,sakurajima.moe,110854472957814907,110854473653920827,1.1085421340901077e+17,2023-08-08T14:30:15.000Z,reply,Snapshot 2 — Post Settling (2023)
110119943636465142,EllieK,mstdn.ca,110646611326571218,110646860090979110,1.106459344190199e+17,2023-07-02T22:31:35.000Z,reply,Snapshot 2 — Post Settling (2023)
109304880355104401,Edelruth,mastodon.online,109292623963981849,110515293776826878,1.1051349985590376e+17,2023-06-09T16:52:32.000Z,reply,Snapshot 2 — Post Settling (2023)
109275559088204740,HistoPol,mastodon.social,50157,110295108452720385,,2023-05-01T19:36:30.000Z,reply,Snapshot 2 — Post Settling (2023)
109370975994483121,bronakins,sfba.social,109332820975896575,110285711249151637,1.1028563193720526e+17,2023-04-30T03:46:43.000Z,reply,Snapshot 2 — Post Settling (2023)
109370975994483121,bronakins,sfba.social,109640490338664910,110174522980960100,1.1017140317709986e+17,2023-04-10T12:30:03.000Z,reply,Snapshot 2 — Post Settling (2023)
108102000212768825,hybridhavoc,darkfriend.social,109293359830810491,110113823878744158,1.1011373921754294e+17,2023-03-30T19:13:28.000Z,reply,Snapshot 2 — Post Settling (2023)
109275559088204740,HistoPol,mastodon.social,110057460352626188,110063216132966403,1.1005762874856205e+17,2023-03-21T20:43:15.000Z,reply,Snapshot 2 — Post Settling (2023)
109330862446874476,EricaEvans,mas.to,109372534412874061,109688482645287930,1.0968410040093587e+17,2023-01-14T16:23:38.000Z,reply,Snapshot 2 — Post Settling (2023)
109529814647220088,theghostoftomjoad,infosec.exchange,109246477046384867,109586816110100002,1.0956336297716125e+17,2022-12-27T17:28:29.000Z,reply,Snapshot 1 — Peak Exodus (Oct–Dec 2022)
109521964689511036,neilparekh,mas.to,109397930774678653,109546813994273337,,2022-12-20T15:55:23.000Z,reply,Snapshot 1 — Peak Exodus (Oct–Dec 2022)
109538340147831066,matias,mastodon.gamedev.place,109317041476365087,109538439917425166,1.0953842449088056e+17,2022-12-19T04:25:23.000Z,reply,Snapshot 1 — Peak Exodus (Oct–Dec 2022)
109262378965064749,TCatInReality,mastodon.social,108203703649335340,116356865487269169,1.163568278243299e+17,2026-04-06T08:41:05.000Z,reply,Snapshot 3 — Current State (2024–2026)
109347539681354141,ChemicalEyeGuy,mstdn.science,109593859981576818,114826180010130827,1.148261254371581e+17,2025-07-10T00:47:38.000Z,reply,Snapshot 3 — Current State (2024–2026)
109347539681354141,ChemicalEyeGuy,mstdn.science,109306627012952303,114631513365207288,1.1463045596569003e+17,2025-06-05T15:41:20.000Z,reply,Snapshot 3 — Current State (2024–2026)
109347539681354141,ChemicalEyeGuy,mstdn.science,113443668260364643,113979580407597883,1.1397733120532085e+17,2025-02-10T12:26:13.000Z,reply,Snapshot 3 — Current State (2024–2026)
109513855631116553,sloanlance,mastodon.social,109274051727122741,113917715765877056,1.1391593969853723e+17,2025-01-30T14:13:14.000Z,reply,Snapshot 3 — Current State (2024–2026)
113800923699713065,usuckandyouknowit,mastodon.social,109727260803567318,113804686613439031,1.1380404528414328e+17,2025-01-10T15:08:18.000Z,reply,Snapshot 3 — Current State (2024–2026)
113358600144792558,j_j,muenchen.social,111708683422015853,113759767733436262,1.13758654993471e+17,2025-01-02T16:44:59.000Z,reply,Snapshot 3 — Current State (2024–2026)
110905770922608287,TheManyVoices,mastodon.social,109515782709661127,113519268251306909,1.1351801655154533e+17,2024-11-21T05:22:47.000Z,reply,Snapshot 3 — Current State (2024–2026)
109809617244401282,AnneTheWriter1,universeodon.com,109453578117208485,113504724837016730,1.1350421970997155e+17,2024-11-18T15:44:12.000Z,reply,Snapshot 3 — Current State (2024–2026)
109307803942495600,bornach,masto.ai,108305632039204257,113482166669235464,1.134821198033759e+17,2024-11-14T16:07:21.000Z,reply,Snapshot 3 — Current State (2024–2026)
109809617244401282,AnneTheWriter1,universeodon.com,110707184276194394,113479755642361123,1.1347951509375322e+17,2024-11-14T05:54:11.000Z,reply,Snapshot 3 — Current State (2024–2026)
109347539681354141,ChemicalEyeGuy,mstdn.science,109310859751805976,113475574265593996,1.1347547633136485e+17,2024-11-13T12:10:49.000Z,reply,Snapshot 3 — Current State (2024–2026)
109727260803567318,mho,social.heise.de,112443613340308268,113446560834314933,1.1344653658266581e+17,2024-11-08T09:12:17.000Z,reply,Snapshot 3 — Current State (2024–2026)
109347539681354141,ChemicalEyeGuy,mstdn.science,108194731681153215,113433017580802305,1.1343275040229294e+17,2024-11-05T23:48:06.000Z,reply,Snapshot 3 — Current State (2024–2026)
109347539681354141,ChemicalEyeGuy,mstdn.science,109274051727122741,113429974042864666,1.1342801617222368e+17,2024-11-05T10:54:03.000Z,reply,Snapshot 3 — Current State (2024–2026)
109347539681354141,ChemicalEyeGuy,mstdn.science,108223611301860120,113425680557527477,1.1342551569105816e+17,2024-11-04T16:42:09.000Z,reply,Snapshot 3 — Current State (2024–2026)
109347539681354141,ChemicalEyeGuy,mstdn.science,109290070675056803,113420354985370728,1.0998440647463232e+17,2024-11-03T18:07:50.000Z,reply,Snapshot 3 — Current State (2024–2026)
109347539681354141,ChemicalEyeGuy,mstdn.science,109298553075120194,113413702494611514,1.1341364904635216e+17,2024-11-02T13:56:01.000Z,reply,Snapshot 3 — Current State (2024–2026)
109347539681354141,ChemicalEyeGuy,mstdn.science,109297944861418190,113357526577763409,1.1335436296733242e+17,2024-10-23T15:49:44.000Z,reply,Snapshot 3 — Current State (2024–2026)
109347539681354141,ChemicalEyeGuy,mstdn.science,109274051727122741,113274695564791195,1.1327453515424306e+17,2024-10-09T00:44:43.000Z,reply,Snapshot 3 — Current State (2024–2026)
109347539681354141,ChemicalEyeGuy,mstdn.science,112483030748451252,113271557968675515,1.1327148930639552e+17,2024-10-08T11:26:48.000Z,reply,Snapshot 3 — Current State (2024–2026)
109347539681354141,ChemicalEyeGuy,mstdn.science,109370854777775773,113269367293078569,1.1326739499066488e+17,2024-10-08T02:09:41.000Z,reply,Snapshot 3 — Current State (2024–2026)
109347539681354141,ChemicalEyeGuy,mstdn.science,109274051727122741,113262266346193785,1.1325840057687555e+17,2024-10-06T20:03:48.000Z,reply,Snapshot 3 — Current State (2024–2026)
109347539681354141,ChemicalEyeGuy,mstdn.science,110272491890466016,113080005582871819,1.1307998457199485e+17,2024-09-04T15:32:05.000Z,reply,Snapshot 3 — Current State (2024–2026)
109347539681354141,ChemicalEyeGuy,mstdn.science,109307984563683331,113061508868568670,1.130614900081711e+17,2024-09-01T09:08:15.000Z,reply,Snapshot 3 — Current State (2024–2026)
109347539681354141,ChemicalEyeGuy,mstdn.science,110696749813963266,113058459966615044,1.1305609808141957e+17,2024-08-31T20:13:09.000Z,reply,Snapshot 3 — Current State (2024–2026)
109307803942495600,bornach,masto.ai,64359,113032797084135617,1.1303269251617386e+17,2024-08-27T07:26:47.000Z,reply,Snapshot 3 — Current State (2024–2026)
109347539681354141,ChemicalEyeGuy,mstdn.science,109707702990546198,113011527057055221,,2024-08-23T13:17:29.000Z,reply,Snapshot 3 — Current State (2024–2026)
109347539681354141,ChemicalEyeGuy,mstdn.science,109269636174209728,113004967051724085,1.130036882655669e+17,2024-08-22T09:29:13.000Z,reply,Snapshot 3 — Current State (2024–2026)
109347539681354141,ChemicalEyeGuy,mstdn.science,109289072373069895,112996973312271118,1.1129790566577488e+17,2024-08-20T23:36:19.000Z,reply,Snapshot 3 — Current State (2024–2026)
109347539681354141,ChemicalEyeGuy,mstdn.science,109246204184620174,112994651927471506,1.1299431304542182e+17,2024-08-20T13:45:56.000Z,reply,Snapshot 3 — Current State (2024–2026)
109347539681354141,ChemicalEyeGuy,mstdn.science,111822353564946838,112982790926844510,1.1298067608748459e+17,2024-08-18T11:29:33.000Z,reply,Snapshot 3 — Current State (2024–2026)
109347539681354141,ChemicalEyeGuy,mstdn.science,112681954402154015,112978740290006387,1.1297648496576437e+17,2024-08-17T18:19:23.000Z,reply,Snapshot 3 — Current State (2024–2026)
109347539681354141,ChemicalEyeGuy,mstdn.science,111172164636842672,112973750719784283,1.1297198371908118e+17,2024-08-16T21:10:30.000Z,reply,Snapshot 3 — Current State (2024–2026)
109347539681354141,ChemicalEyeGuy,mstdn.science,109289575622121163,112968052061599357,1.1296698225026318e+17,2024-08-15T21:00:37.000Z,reply,Snapshot 3 — Current State (2024–2026)
109347539681354141,ChemicalEyeGuy,mstdn.science,112960369172776885,112967266470387427,1.1296624632528477e+17,2024-08-15T17:41:29.000Z,reply,Snapshot 3 — Current State (2024–2026)
109347539681354141,ChemicalEyeGuy,mstdn.science,109274051727122741,112967255278922055,1.1296673827465626e+17,2024-08-15T17:38:38.000Z,reply,Snapshot 3 — Current State (2024–2026)
109289235966880452,sshann,mas.to,112402593775196832,112963742055534935,1.129637215684178e+17,2024-08-15T02:45:09.000Z,reply,Snapshot 3 — Current State (2024–2026)
109347539681354141,ChemicalEyeGuy,mstdn.science,109305421004294006,112962057124262447,1.1296089328019646e+17,2024-08-14T19:36:35.000Z,reply,Snapshot 3 — Current State (2024–2026)
109347539681354141,ChemicalEyeGuy,mstdn.science,108798303918729477,112951059582782417,1.129502964039398e+17,2024-08-12T20:59:47.000Z,reply,Snapshot 3 — Current State (2024–2026)
109347539681354141,ChemicalEyeGuy,mstdn.science,777,112949100618915000,1.1292957728947738e+17,2024-08-12T12:41:36.000Z,reply,Snapshot 3 — Current State (2024–2026)
109347539681354141,ChemicalEyeGuy,mstdn.science,109362909610783972,112948371551658506,1.1294825835615061e+17,2024-08-12T09:36:14.000Z,reply,Snapshot 3 — Current State (2024–2026)
109347539681354141,ChemicalEyeGuy,mstdn.science,109298795611329083,112943574136707112,,2024-08-11T13:16:12.000Z,reply,Snapshot 3 — Current State (2024–2026)
111719047417488638,Heinzenstein,f-ckendehoelle.de,109432494958187299,112853234639734558,1.1285151879944408e+17,2024-07-26T14:21:37.000Z,reply,Snapshot 3 — Current State (2024–2026)
109347539681354141,ChemicalEyeGuy,mstdn.science,109419237075559510,112464288465151920,1.1246419766475208e+17,2024-05-18T21:47:33.000Z,reply,Snapshot 3 — Current State (2024–2026)
109346581007824331,DopeGhoti,infosec.exchange,112128396481226688,112141853341893419,1.1214093382756077e+17,2024-03-22T23:08:04.000Z,reply,Snapshot 3 — Current State (2024–2026)
106293359638119003,colincogle,mastodon.social,109393926917894122,110769107899713361,1.1076816345590078e+17,2023-07-24T12:40:49.000Z,reply,Snapshot 2 — Post Settling (2023)
109393926917894122,Ove,uddannelse.social,108243460708387270,110673042037666902,1.1067222899122754e+17,2023-07-07T13:30:02.000Z,reply,Snapshot 2 — Post Settling (2023)
109370975877261456,bronakins,sfba.social,109257521620474955,110092946882642990,,2023-03-27T02:44:12.000Z,reply,Snapshot 2 — Post Settling (2023)
109553912452738205,lelanicarver,universeodon.com,109393601886782297,109647889829938258,1.096470669175697e+17,2023-01-07T12:20:22.000Z,reply,Snapshot 2 — Post Settling (2023)
109297226426859092,nbwpuk,infosec.exchange,109369398622061773,109605724315284358,1.0960124954826272e+17,2022-12-31T01:37:06.000Z,reply,Snapshot 1 — Peak Exodus (Oct–Dec 2022)
109513413762146351,iberk,muenster.im,108147340203714689,109534886212258453,1.0953404718710757e+17,2022-12-18T13:21:41.000Z,reply,Snapshot 1 — Peak Exodus (Oct–Dec 2022)
108419778861472731,christophbegall,toot.kif.rocks,103399,109488192479940020,1.0948019068707499e+17,2022-12-10T07:27:07.000Z,reply,Snapshot 1 — Peak Exodus (Oct–Dec 2022)
109287412986346676,robdolin,indieweb.social,109315260976112116,109384009951248335,1.0938354235691408e+17,2022-11-21T21:52:13.000Z,reply,Snapshot 1 — Peak Exodus (Oct–Dec 2022)
109367092152335667,agb253,mstdn.party,109349134573458471,109367092171876349,1.093512774036399e+17,2022-11-18T21:59:03.000Z,reply,Snapshot 1 — Peak Exodus (Oct–Dec 2022)
109299663611258402,jshashek,mastodon.online,75,109300053381807295,1.0929372287632413e+17,2022-11-07T01:41:29.000Z,reply,Snapshot 1 — Peak Exodus (Oct–Dec 2022)
109256786877939274,Jo2sn,mastodon.social,109247335255068899,109292105931483911,1.0929114203950408e+17,2022-11-05T14:05:08.000Z,reply,Snapshot 1 — Peak Exodus (Oct–Dec 2022)
109274914884124629,IanDBurrell,mastodon.sdf.org,171910,109275107524608987,1.0927311980405909e+17,2022-11-02T16:05:05.000Z,reply,Snapshot 1 — Peak Exodus (Oct–Dec 2022)
108216611850435419,AstridSawatzky,mastodon.social,108284959003411319,109256527745070515,1.0925398110051293e+17,2022-10-30T09:28:54.000Z,reply,Snapshot 1 — Peak Exodus (Oct–Dec 2022)
339965,waifu,waifuism.life,106733990790183573,109246262489164218,1.0924624899182032e+17,2022-10-28T14:00:43.067Z,reply,Snapshot 1 — Peak Exodus (Oct–Dec 2022)
111599935987450253,thefierceindependent,mas.to,109355700562622458,111627222602022608,1.1162522103905056e+17,2023-12-23T01:50:28.000Z,reply,Snapshot 2 — Post Settling (2023)
109305460733009983,intermobility,toot.community,109240746484908485,111184366055884787,1.1117607192856672e+17,2023-10-05T20:46:28.000Z,reply,Snapshot 2 — Post Settling (2023)
109305147089188065,CJP,mastodon.me.uk,109320705100068763,111034664934674160,1.1103339561131941e+17,2023-09-09T10:15:29.000Z,reply,Snapshot 2 — Post Settling (2023)
110772355175049035,DavidW,poweredbygay.social,110539210170576094,110787827328888066,1.1078145155635514e+17,2023-07-27T20:01:27.000Z,reply,Snapshot 2 — Post Settling (2023)
109331157775283887,Jon6705,mastodon.world,109411454508335417,110768728010019913,1.1076842368657843e+17,2023-07-24T11:04:15.000Z,reply,Snapshot 2 — Post Settling (2023)
109697853567036606,gorn_ja,mstdn.jp,109557201767158524,110660524986532062,1.1066046262387869e+17,2023-07-05T06:43:08.000Z,reply,Snapshot 2 — Post Settling (2023)
109531140579981203,GuyInBlack,mastodon.social,64359,110645924255685830,1.1064579398346054e+17,2023-07-02T18:33:35.000Z,reply,Snapshot 2 — Post Settling (2023)
109524384135033690,ImADifferentBird,mastodon.social,109248208316737470,110640558570721687,1.1064051997428013e+17,2023-07-01T19:47:47.000Z,reply,Snapshot 2 — Post Settling (2023)
109530256931034489,etis,masto.ai,109318612231213182,110640231048149774,1.106402059210069e+17,2023-07-01T18:24:54.000Z,reply,Snapshot 2 — Post Settling (2023)
109306431353774652,djsaunders03,fosstodon.org,109344592544043365,109892749559752910,,2023-02-19T18:11:25.028Z,reply,Snapshot 2 — Post Settling (2023)
109279321929691391,deno,mastodon.online,109236331090011101,109381502290406692,,2022-11-21T11:14:30.000Z,reply,Snapshot 1 — Peak Exodus (Oct–Dec 2022)
109375185390313629,Sgtwilson,mastodon.world,109304925036471402,109376670319167634,1.0932083244267926e+17,2022-11-20T11:42:21.000Z,reply,Snapshot 1 — Peak Exodus (Oct–Dec 2022)
109375185390313629,Sgtwilson,mastodon.world,109307618005312665,109376082844901504,1.0937502099529136e+17,2022-11-20T12:16:15.000Z,reply,Snapshot 1 — Peak Exodus (Oct–Dec 2022)
109299174927770501,jonpainterphoto,lawfedi.blue,103399,109362627577212307,1.0936262014919776e+17,2022-11-18T03:14:16.000Z,reply,Snapshot 1 — Peak Exodus (Oct–Dec 2022)
109304780497464091,Wolf,todon.eu,108236935181432172,109304780717516197,1.0930365276886002e+17,2022-11-07T21:36:59.000Z,reply,Snapshot 1 — Peak Exodus (Oct–Dec 2022)
109287166380932423,mizzi,troet.cafe,108236935181432172,109287166441966487,1.0928710972587229e+17,2022-11-04T19:23:29.000Z,reply,Snapshot 1 — Peak Exodus (Oct–Dec 2022)
115802368371169934,noodlemaz,mstdn.games,109375998211117160,115866425771032291,1.158664090790116e+17,2026-01-09T17:55:49.000Z,reply,Snapshot 3 — Current State (2024–2026)
18265,poujolrost,mstdn.jp,110774076229375801,114155999917450266,1.1415431525858202e+17,2025-03-13T16:11:51.000Z,reply,Snapshot 3 — Current State (2024–2026)
113718631822789251,marcohoffmann,mastodon.social,109257445634608945,113724071350024748,1.1372385329579245e+17,2024-12-27T09:26:54.000Z,reply,Snapshot 3 — Current State (2024–2026)
109257445634608945,sebiturbo,muenchen.social,113718631822789251,113723853295792454,1.137186315888747e+17,2024-12-27T08:31:28.000Z,reply,Snapshot 3 — Current State (2024–2026)
109320323990113344,CGM,mastodon.scot,110272491890466016,113476307417329771,1.1347606486425666e+17,2024-11-13T15:17:18.000Z,reply,Snapshot 3 — Current State (2024–2026)
109421471926150846,mdwray,mindly.social,110055609313190267,113432513325821075,1.134324825398226e+17,2024-11-05T21:39:53.000Z,reply,Snapshot 3 — Current State (2024–2026)
109411441616648785,CrypticMirror,mstdn.social,109382534051609011,113431650252246787,1.1342487752317914e+17,2024-11-05T18:00:23.000Z,reply,Snapshot 3 — Current State (2024–2026)
109347539681354141,ChemicalEyeGuy,mstdn.science,112535763181142058,113424319547034380,1.1341950293579541e+17,2024-11-04T10:56:02.000Z,reply,Snapshot 3 — Current State (2024–2026)
109408673316424299,WizardBear,mstdn.social,109287778441519446,113314916362809205,1.133133072395555e+17,2024-10-16T03:13:25.000Z,reply,Snapshot 3 — Current State (2024–2026)
109258846511334422,radlschorsch,muenchen.social,107343147079913887,111303134256130827,1.1129958480352062e+17,2023-10-26T20:10:44.000Z,reply,Snapshot 2 — Post Settling (2023)
110865669469442376,GeriatricGardener,mastodon.social,109279169668018854,110882223189271486,1.108787763910644e+17,2023-08-13T12:07:30.000Z,reply,Snapshot 2 — Post Settling (2023)
109322621049700677,Graygoose,mstdn.social,266424,110753696134234143,1.1075361449645128e+17,2023-07-21T19:21:24.000Z,reply,Snapshot 2 — Post Settling (2023)
109831666663889054,3ChordRock,mastodon.social,109301047708788860,110655156114575490,1.1065508492202656e+17,2023-07-04T09:41:15.000Z,reply,Snapshot 2 — Post Settling (2023)
110641049295761319,mog7546,moth.social,109365973783481766,110646717200009757,1.1034553990220731e+17,2023-07-02T21:55:00.000Z,reply,Snapshot 2 — Post Settling (2023)
110641049295761319,mog7546,moth.social,109395828456143257,110646665738298196,1.1064660153629114e+17,2023-07-02T21:42:10.000Z,reply,Snapshot 2 — Post Settling (2023)
109831666663889054,3ChordRock,mastodon.social,110644847768552696,110645189044227382,1.1064511716112765e+17,2023-07-02T15:26:40.000Z,reply,Snapshot 2 — Post Settling (2023)
110644847768552696,Boudica_Buddug,mastodon.social,109831666663889054,110645117161127645,1.1064177348805683e+17,2023-07-02T15:08:23.000Z,reply,Snapshot 2 — Post Settling (2023)
109322621049700677,Graygoose,mstdn.social,109457353781034916,110495078076726365,1.1049493470946901e+17,2023-06-06T03:11:24.000Z,reply,Snapshot 2 — Post Settling (2023)
109322621049700677,Graygoose,mstdn.social,109320157220716143,110465726154532755,1.0987685582708438e+17,2023-05-31T22:46:52.000Z,reply,Snapshot 2 — Post Settling (2023)
110235484393959277,morriswayts,writing.exchange,109261306369286662,110427893147476618,1.1042527977647992e+17,2023-05-25T06:25:23.000Z,reply,Snapshot 2 — Post Settling (2023)
109322621049700677,Graygoose,mstdn.social,103399,110313547848225555,1.1031323877475405e+17,2023-05-05T01:45:53.000Z,reply,Snapshot 2 — Post Settling (2023)
109293085619706224,HistoPol,mastodon.social,163013,110051660528620551,1.1005165745553027e+17,2023-03-19T19:44:33.000Z,reply,Snapshot 2 — Post Settling (2023)
109625964357708723,RushGirl,stranger.social,103399,110038723738102293,1.1003569474078246e+17,2023-03-17T12:53:37.000Z,reply,Snapshot 2 — Post Settling (2023)
109322621049700677,Graygoose,mstdn.social,109183253379080774,110033487186247353,1.1003275722985306e+17,2023-03-16T14:42:48.000Z,reply,Snapshot 2 — Post Settling (2023)
288456,samsethi,podcastindex.social,109828086619116958,113460999048155259,,2024-11-10T22:24:10.000Z,reply,Snapshot 3 — Current State (2024–2026)
112301834934029708,JenJen27,mastodon.social,110640783097394979,113384288074035525,1.133811394824638e+17,2024-10-28T09:15:33.000Z,reply,Snapshot 3 — Current State (2024–2026)
109573744061861563,scholar_farmer,zirk.us,112303487918505365,113325422522225586,,2024-10-17T23:45:17.000Z,reply,Snapshot 3 — Current State (2024–2026)
49022,march,mstdn.io,53402,112597876215527498,1.125975969614423e+17,2024-06-11T12:00:38.000Z,reply,Snapshot 3 — Current State (2024–2026)
109377447787549279,holly_berry,hachyderm.io,108556697915090191,112145243094333489,1.121452266241916e+17,2024-03-23T13:29:54.000Z,reply,Snapshot 3 — Current State (2024–2026)
109351197351841844,carlbrown,mastodon.social,108198248008680424,111439123264731220,1.1064638234960578e+17,2023-11-19T20:34:32.000Z,reply,Snapshot 2 — Post Settling (2023)
109349583368158906,duncan_blues,norden.social,108193869731238975,111261159618913132,1.1126114508833352e+17,2023-10-19T10:16:04.000Z,reply,Snapshot 2 — Post Settling (2023)
109446936424848290,Sektorenkoppler,norden.social,111119515973937957,111218302635467248,1.1121760584634117e+17,2023-10-11T20:36:59.000Z,reply,Snapshot 2 — Post Settling (2023)
109349583368158906,duncan_blues,norden.social,109721391021930643,111206215587980436,1.112061531911205e+17,2023-10-09T17:23:05.000Z,reply,Snapshot 2 — Post Settling (2023)
109335710330118471,otterX,mindly.social,109350883340527064,111161105488418728,1.1116105444123576e+17,2023-10-01T18:10:59.000Z,reply,Snapshot 2 — Post Settling (2023)
109349583368158906,duncan_blues,norden.social,110793674793682279,111011410917104153,1.1101118791259242e+17,2023-09-05T07:41:41.000Z,reply,Snapshot 2 — Post Settling (2023)
109810704444971316,shawnmjones,hachyderm.io,139373,110805887161349890,,2023-07-31T00:34:18.000Z,reply,Snapshot 2 — Post Settling (2023)
109810704444971316,shawnmjones,hachyderm.io,109348595488375184,110805117338484306,1.1080481859407424e+17,2023-07-30T21:18:31.000Z,reply,Snapshot 2 — Post Settling (2023)
109810704444971316,shawnmjones,hachyderm.io,108233789972433764,110804767801205369,,2023-07-30T19:49:34.000Z,reply,Snapshot 2 — Post Settling (2023)
109810704444971316,shawnmjones,hachyderm.io,110774785688542232,110804738143709068,1.1080466195282798e+17,2023-07-30T19:42:05.000Z,reply,Snapshot 2 — Post Settling (2023)
109810704444971316,shawnmjones,hachyderm.io,120140,110804675707357007,1.1080457030696198e+17,2023-07-30T19:26:12.000Z,reply,Snapshot 2 — Post Settling (2023)
109810704444971316,shawnmjones,hachyderm.io,108233789972433764,110804629172515026,1.1080462626525603e+17,2023-07-30T19:14:22.000Z,reply,Snapshot 2 — Post Settling (2023)
109810704444971316,shawnmjones,hachyderm.io,108233789972433764,110804626265256036,1.1080462414489923e+17,2023-07-30T19:13:38.000Z,reply,Snapshot 2 — Post Settling (2023)
109810704444971316,shawnmjones,hachyderm.io,108233789972433764,110804624144899240,,2023-07-30T19:13:06.000Z,reply,Snapshot 2 — Post Settling (2023)
109810704444971316,shawnmjones,hachyderm.io,109321321599955441,110804477996950122,1.1080437992721002e+17,2023-07-30T18:35:55.000Z,reply,Snapshot 2 — Post Settling (2023)
111459266947269345,ilust606,mastodon.social,110272491890466016,114146373467146131,1.14145813607207e+17,2025-03-11T23:23:52.000Z,reply,Snapshot 3 — Current State (2024–2026)
115785042047093346,merledieperle.bsky.social,bsky.brid.gy,112934167052766961,113966989715081956,1.139669615860221e+17,2025-02-08T07:04:16.017Z,reply,Snapshot 3 — Current State (2024–2026)
113328669135920871,nickrauchen,c.im,111763296300898687,113839791879375146,1.1383475909921474e+17,2025-01-16T19:56:10.000Z,reply,Snapshot 3 — Current State (2024–2026)
110310487006241373,claushoumann,mastodon.social,109294614167195302,113823533945691737,1.1382281744577622e+17,2025-01-13T23:01:33.000Z,reply,Snapshot 3 — Current State (2024–2026)
111459266947269345,ilust606,mastodon.social,109295581242257836,113549581913464785,1.1354915517099266e+17,2024-11-26T13:51:57.000Z,reply,Snapshot 3 — Current State (2024–2026)
179754,matt,oslo.town,113482677248673895,113483105020081452,1.134830866230336e+17,2024-11-14T20:05:59.000Z,reply,Snapshot 3 — Current State (2024–2026)
109293267622854360,infosec_jcp,infosec.exchange,109378011678664209,113467937287022038,1.1346778005257398e+17,2024-11-12T03:48:38.000Z,reply,Snapshot 3 — Current State (2024–2026)
109283540597948527,skidsravine,mastodon.online,109260762630505163,113001579315107799,1.130015335557449e+17,2024-08-21T19:07:40.000Z,reply,Snapshot 3 — Current State (2024–2026)
111459266947269345,ilust606,mastodon.social,110272491890466016,112957930046572759,1.1295697737094693e+17,2024-08-14T02:07:05.000Z,reply,Snapshot 3 — Current State (2024–2026)
111459266947269345,ilust606,mastodon.social,110523462276065783,112908094036932512,,2024-08-05T06:53:07.000Z,reply,Snapshot 3 — Current State (2024–2026)
108250375470470389,thoralf,soc.umrath.net,109642095677444348,112839863713874458,1.128398471717267e+17,2024-07-24T05:41:17.000Z,reply,Snapshot 3 — Current State (2024–2026)
111459266947269345,ilust606,mastodon.social,109355700562622458,112836739010052793,1.1283664274284874e+17,2024-07-23T16:25:38.000Z,reply,Snapshot 3 — Current State (2024–2026)
110430235950715558,richardrathe,universeodon.com,108200821798618431,112663046399907497,,2024-06-23T00:14:19.000Z,reply,Snapshot 3 — Current State (2024–2026)
111459266947269345,ilust606,mastodon.social,109355700562622458,112278117993561576,1.1227732023108123e+17,2024-04-16T00:41:37.000Z,reply,Snapshot 3 — Current State (2024–2026)
111459266947269345,ilust606,mastodon.social,109366442154080204,111926233142379531,1.1192460086014272e+17,2024-02-13T21:12:52.000Z,reply,Snapshot 3 — Current State (2024–2026)
111359685113027465,FediVariety,mastodon.social,109702662204501589,111410022572838688,1.1140999094226134e+17,2023-11-14T17:13:31.000Z,reply,Snapshot 2 — Post Settling (2023)
109325428459756021,OlDude82,mstdn.party,109390537047759900,111151723509267861,1.1114953511567224e+17,2023-09-30T02:24:58.000Z,reply,Snapshot 2 — Post Settling (2023)
110951030106120555,Pabamiti,troet.cafe,109721391021930643,111092020614262614,1.110900789687601e+17,2023-09-19T13:21:42.000Z,reply,Snapshot 2 — Post Settling (2023)
110951030106120555,Pabamiti,troet.cafe,158694,111092002732190412,1.110915703069933e+17,2023-09-19T13:17:10.000Z,reply,Snapshot 2 — Post Settling (2023)
109293085619706224,HistoPol,mastodon.social,109292666255925349,110989244192351091,,2023-09-01T09:44:23.000Z,reply,Snapshot 2 — Post Settling (2023)
109293085619706224,HistoPol,mastodon.social,109885935262581266,110861151010338464,,2023-08-09T18:48:36.000Z,reply,Snapshot 2 — Post Settling (2023)
109305774093154058,EricaMcIntyre,aus.social,109871946241844679,110771712525588709,1.1073467440547032e+17,2023-07-24T23:43:12.000Z,reply,Snapshot 2 — Post Settling (2023)
109492061468504103,armact,activism.openworlds.info,777,110765811287897522,1.1076498390943045e+17,2023-07-23T22:42:28.000Z,reply,Snapshot 2 — Post Settling (2023)
109871946241844679,ecoscore,aus.social,109279169668018854,110734674405470327,1.107116971857004e+17,2023-07-18T10:43:56.000Z,reply,Snapshot 2 — Post Settling (2023)
110430235950715558,richardrathe,universeodon.com,109288815962895319,110649984175528918,1.1064813213892798e+17,2023-07-03T11:46:07.000Z,reply,Snapshot 2 — Post Settling (2023)
109371050469126625,karlmorant,mstdn.ca,189348,110640320574472903,1.1064024699875234e+17,2023-07-01T18:48:29.000Z,reply,Snapshot 2 — Post Settling (2023)
109325605491282866,richardrathe,home.social,109297944861418190,110429709278511705,1.1042962440567208e+17,2023-05-25T14:07:19.000Z,reply,Snapshot 2 — Post Settling (2023)
109371050469126625,karlmorant,mstdn.ca,109275525053410157,110270971722193545,1.1026520912579715e+17,2023-04-27T13:18:13.000Z,reply,Snapshot 2 — Post Settling (2023)
109371050469126625,karlmorant,mstdn.ca,109295173609027141,110239776180811011,1.102351891468749e+17,2023-04-22T01:04:50.000Z,reply,Snapshot 2 — Post Settling (2023)
109371050469126625,karlmorant,mstdn.ca,109321622662701194,110222686881316758,1.10221784221638e+17,2023-04-19T00:38:47.000Z,reply,Snapshot 2 — Post Settling (2023)
109371050469126625,karlmorant,mstdn.ca,109439955243013390,110174527489369142,1.1017428046137566e+17,2023-04-10T12:31:12.000Z,reply,Snapshot 2 — Post Settling (2023)
109371050469126625,karlmorant,mstdn.ca,109462710595228822,110152050586359079,1.1015181683719739e+17,2023-04-06T13:15:03.000Z,reply,Snapshot 2 — Post Settling (2023)
109599422071964771,rolandweyers,mastodonners.nl,109257356565461732,110147280041716844,1.1014723777902069e+17,2023-04-05T17:01:48.000Z,reply,Snapshot 2 — Post Settling (2023)
109371050469126625,karlmorant,mstdn.ca,109292070286058519,110138663803349067,1.0981238184740478e+17,2023-04-04T04:30:37.000Z,reply,Snapshot 2 — Post Settling (2023)
109373479622923857,johnglass,ohai.social,109294513529969867,110132022351305365,,2023-04-03T00:21:36.000Z,reply,Snapshot 2 — Post Settling (2023)
109553545422274603,hienqnguyen,mastodon.social,108201048929506529,110123997379685807,1.1012141733532322e+17,2023-04-01T14:20:46.000Z,reply,Snapshot 2 — Post Settling (2023)
108217653212361999,dannotdaniel,mastodon.social,109292627290753394,110090684701819755,1.100906602796302e+17,2023-03-26T17:08:50.000Z,reply,Snapshot 2 — Post Settling (2023)
109524227482414440,boavista,universeodon.com,109297944861418190,110012263988842720,1.1001213054415883e+17,2023-03-12T20:45:26.000Z,reply,Snapshot 2 — Post Settling (2023)
109820429533840121,PirateRoberts,defcon.social,109297944861418190,109954817611939455,1.0995383233970893e+17,2023-03-02T17:15:55.000Z,reply,Snapshot 2 — Post Settling (2023)
109293085619706224,HistoPol,mastodon.social,109341070704103825,113316799868703819,1.1329881283646115e+17,2024-10-16T11:12:24.000Z,reply,Snapshot 3 — Current State (2024–2026)
109293085619706224,HistoPol,mastodon.social,109708916027732545,111886286684362575,,2024-02-06T19:54:05.000Z,reply,Snapshot 3 — Current State (2024–2026)
109293085619706224,HistoPol,mastodon.social,109537522598609607,111869954963866418,1.1186991936054147e+17,2024-02-03T22:40:43.000Z,reply,Snapshot 3 — Current State (2024–2026)
109457251007890443,leswarden,mastodon.world,109769160849107306,111635863271236616,1.1163238483358342e+17,2023-12-24T14:28:06.000Z,reply,Snapshot 2 — Post Settling (2023)
109293085619706224,HistoPol,mastodon.social,111193597369243183,111421703606593032,1.1142168156074936e+17,2023-11-16T18:44:26.000Z,reply,Snapshot 2 — Post Settling (2023)
109721391021930643,heiseonline,social.heise.de,109322072227481449,110674075195843769,1.1067382206202653e+17,2023-07-07T17:52:44.000Z,reply,Snapshot 2 — Post Settling (2023)
109727260803567318,mho,social.heise.de,64359,110640381431531503,1.106403679001072e+17,2023-07-01T19:03:58.000Z,reply,Snapshot 2 — Post Settling (2023)
214410,bison,mastodon.social,109288047497971358,110640045739229511,1.1063996208391475e+17,2023-07-01T17:38:38.000Z,reply,Snapshot 2 — Post Settling (2023)
5637,naught101,mastodon.social,109727260803567318,110512696452868184,1.1051258397835395e+17,2023-06-09T05:52:02.000Z,reply,Snapshot 2 — Post Settling (2023)
109293085619706224,HistoPol,mastodon.social,109750578063299132,110420658905832739,1.104195268677473e+17,2023-05-23T23:45:39.000Z,reply,Snapshot 2 — Post Settling (2023)
109293085619706224,HistoPol,mastodon.social,109865533485138696,110420653296615244,,2023-05-23T23:44:16.000Z,reply,Snapshot 2 — Post Settling (2023)
109293085619706224,HistoPol,mastodon.social,109262374475160774,110284912941043386,1.1028489635688114e+17,2023-04-30T00:23:42.000Z,reply,Snapshot 2 — Post Settling (2023)
109326567699784483,EvilKiru,techhub.social,109293555314389660,110280457870258330,1.1028017394653091e+17,2023-04-29T05:30:43.000Z,reply,Snapshot 2 — Post Settling (2023)
214410,bison,mastodon.social,75,110279484614655580,1.1024382824408794e+17,2023-04-29T01:23:08.000Z,reply,Snapshot 2 — Post Settling (2023)
109293329546436302,mattlav1250,journa.host,109246750855305107,110097920932546836,,2023-03-27T23:49:11.000Z,reply,Snapshot 2 — Post Settling (2023)
107254888426335447,jupiter_rowland,hub.netzgemeinde.eu,109384003487582589,110033603207492125,,2023-03-16T15:12:21.000Z,reply,Snapshot 2 — Post Settling (2023)
109293085619706224,HistoPol,mastodon.social,109631113463657554,110011814647299361,,2023-03-12T18:51:13.000Z,reply,Snapshot 2 — Post Settling (2023)
109293085619706224,HistoPol,mastodon.social,109631113463657554,110011766990436915,1.100117661939723e+17,2023-03-12T18:39:05.000Z,reply,Snapshot 2 — Post Settling (2023)
109293085619706224,HistoPol,mastodon.social,110477,109966788594829025,1.0996674348382106e+17,2023-03-04T20:00:29.000Z,reply,Snapshot 2 — Post Settling (2023)
109371091953305288,Neo2415,techhub.social,110970740396411093,113268620123877177,1.132636412590771e+17,2024-10-07T22:59:41.000Z,reply,Snapshot 3 — Current State (2024–2026)
109362756890783155,BakerRL75,m.ai6yr.org,109521099575290840,111368760940637903,1.1136874964716978e+17,2023-11-07T10:20:30.000Z,reply,Snapshot 2 — Post Settling (2023)
110119943689450758,EllieK,mstdn.ca,110646404242448472,110646859969012136,1.1064593437938115e+17,2023-07-02T22:31:35.000Z,reply,Snapshot 2 — Post Settling (2023)
109285831389857388,SeanPLynch,mastodon.social,110639944899309223,110640500606742344,,2023-07-01T19:33:02.000Z,reply,Snapshot 2 — Post Settling (2023)
109305035325721759,Edelruth,mastodon.online,109292627290753394,110515293710146421,1.1051349980745083e+17,2023-06-09T16:52:32.000Z,reply,Snapshot 2 — Post Settling (2023)
109293085619706224,HistoPol,mastodon.social,103399,110295108327671053,,2023-05-01T19:36:30.000Z,reply,Snapshot 2 — Post Settling (2023)
109370975877261456,bronakins,sfba.social,109333529864298202,110285711249289310,1.1028563189775389e+17,2023-04-30T03:46:43.000Z,reply,Snapshot 2 — Post Settling (2023)
109370975877261456,bronakins,sfba.social,109640476749070923,110174522867647384,1.1017140314943149e+17,2023-04-10T12:30:03.000Z,reply,Snapshot 2 — Post Settling (2023)
108087153664858450,hybridhavoc,darkfriend.social,109292927037985558,110113823884000059,1.1011373935522139e+17,2023-03-30T19:13:28.000Z,reply,Snapshot 2 — Post Settling (2023)
109293085619706224,HistoPol,mastodon.social,110057474838807807,110063216082856548,1.1005762871974491e+17,2023-03-21T20:43:15.000Z,reply,Snapshot 2 — Post Settling (2023)
291355,moftasa,mastodon.online,109581692983247377,109890059639184096,1.0988959675550942e+17,2023-02-19T06:47:16.000Z,reply,Snapshot 2 — Post Settling (2023)
83365,trishalynn,mastodon.sandwich.net,109835494297126577,109835786074170456,1.0983558944833222e+17,2023-02-09T16:44:50.000Z,reply,Snapshot 2 — Post Settling (2023)
109330862217538987,EricaEvans,mas.to,109372265109903128,109688482675591635,1.096841004158082e+17,2023-01-14T16:23:38.000Z,reply,Snapshot 2 — Post Settling (2023)
109529814422030444,theghostoftomjoad,infosec.exchange,109246476718189863,109586816038589891,1.0956336290487448e+17,2022-12-27T17:28:29.000Z,reply,Snapshot 1 — Peak Exodus (Oct–Dec 2022)
109521964488868345,neilparekh,mas.to,109399074887109328,109546898207895035,1.0954684080584016e+17,2022-12-20T16:16:52.000Z,reply,Snapshot 1 — Peak Exodus (Oct–Dec 2022)
109524288714667920,derik,mastodon.online,109520904835991825,109542936376047974,1.0954288708777624e+17,2022-12-19T23:29:16.000Z,reply,Snapshot 1 — Peak Exodus (Oct–Dec 2022)
109538339918725124,matias,mastodon.gamedev.place,109317041450329387,109538439968373353,1.0953842457574853e+17,2022-12-19T04:25:23.000Z,reply,Snapshot 1 — Peak Exodus (Oct–Dec 2022)
